{"cameraMode":{"drawMode":0,"name":"Shaded","section":"Shading Mode"},"sceneLighting":false,"audioPlay":false,"sceneViewState":{"showFog":true,"showMaterialUpdate":false,"showSkybox":false,"showFlares":true,"showImageEffects":true,"showParticleSystems":true,"showVisualEffectGraphs":true,"m_FxEnabled":true},"in2DMode":false,"pivot":{"x":-5.717004776000977,"y":1.616010069847107,"z":-0.0014400482177734376},"rotation":{"x":0.001189530361443758,"y":-0.032397206872701648,"z":-0.000038305606722133234,"w":-0.9994778037071228},"size":1.1065483093261719,"orthographic":false}